{
  "farPlane": 699.0090995347459,
  "targetPosition": [-0.9551143646240234, 2.91867446899414, 2.7563438415527344],
  "nearPlane": 0.0071,
  "upVector": [-0.91, 0.13, 0.39],
  "eyePosition": [-34, -30, 118]
}
